{"version":1,"hash":{"type":"Buffer","data":"jvUps0cNU/IgZEu9vBWwzAzJdl4JALgVygtE7wyNN6afTa90+eB1YGXSC/6IwXGC0VbFcfwHAVv2tovBHuf7J+wX3iim2tcycTF9ihGvgZ0negKQ4feii7Gv4GkUeEycS/+UZ8iP8AN4t/TlZGL2s/J/hrpAwZvaCwbSZqcf5So="},"indexValueMap":{"2OYXCZfdvrljHcefsqch4JC4nmVl4s7x4pAMOXTBdi4=":{"valueMac":{"type":"Buffer","data":"X3P+f+2beywtgvGqePBAuK3UWDssMvvUe2QcPsM9bAY="}},"lpXeBTQqgwot3Vt22+3ED67m6aNFeaFXLtQtBhAtQ0c=":{"valueMac":{"type":"Buffer","data":"/DvFBYPLG3PuywKHCIVaHNK4Twbetym37VOiJ3RprmM="}},"lS0oaJ3Poxg9av/x4xntHY6W7vXAF/yfA8StzUnlTbA=":{"valueMac":{"type":"Buffer","data":"DULrcSQSaazNMnBTxPp+NbZLAvyjb+AQZvmnN3VUA+w="}},"R2yW2+KqW2+7018SKZJgu2l4Lf+ZYJutO/d1wzuftl8=":{"valueMac":{"type":"Buffer","data":"kJRHFhXB+Aqa+U7j1PVaVwSGlMprQ32zaUWIUhILqcI="}},"hVfzScz1TZzoPnPexgp8KcmkZcMOb7Hg4Ko6VAMJOC4=":{"valueMac":{"type":"Buffer","data":"jUADVlqnF3txBuyCxf6D/J21iDR99u6kvWNR7v4Qd9g="}}}}