{"version":4,"hash":{"type":"Buffer","data":"N/3W0bKo6VihsEkIwZW/h26ImB5q8fiBRG02T7TLpjBjOU+MP/D3yyXDsxfl39ffotF1Rpk9rO/NMfipRdU8qYPnp/l2cRNq53WG3Djw8KrwYha0pg2jSsqXFE3VSbcYQxkmizcZYxjPDBgSnNNcggUIUPwDX0/cj/K1iDWy2K0="},"indexValueMap":{"ig6UTBIDv+7NQkue5trz+T6634+x8vH5xWdsEWnmMfg=":{"valueMac":{"type":"Buffer","data":"49gmZG/3Tly8VVVdfqZy1dClm0NetIpA4djt80aG5Mk="}},"tOrc8FCayR68s2v92mkLyWWUnHnaszeoHsjThuJR57c=":{"valueMac":{"type":"Buffer","data":"o019KOzLihlZQ4Nw8T/2jAjD4r7P9Gt4Gza1YMbRppk="}}}}