{"version":4,"hash":{"type":"Buffer","data":"13fOF2P0RKX7DlViZnNr7Lhj00Lx+HSb3n7m5dwzq7jw6Vi1nN30WXAjkMyXzQZ/WccYpif+9bp7hwf8ioDt1GNNUl3qsGwdh/zVpPz2qCAPuFSoCluhkEncjiqt731LfXE2CfsEZ6rCqj8mNZqp+Pk8B12CwhRUmoyAt/JR6ZE="},"indexValueMap":{"8ZInDErYyPUIeDRDwNVFO4s8eUajKDzUberalwU2wcc=":{"valueMac":{"type":"Buffer","data":"PBeN52vCniPdtgNZyGDIL+8LahSnDX6Ed9bxVKSwvzQ="}},"nPiSLSHH/5s1CnyBCSAmtTOgMaNXv4SYkyVK9EOwnH0=":{"valueMac":{"type":"Buffer","data":"TBNmh1YlF3NIAMKTx0nn355DRram9EcxOqonXAqtErI="}},"YCPAkKJr7wmu7eNOVY5WlCVH8ULEg0WNxI3+7MS6u+w=":{"valueMac":{"type":"Buffer","data":"FaL1Xt5idLtq3IXWGs7yNTLBvpygTxggVEhb4jFv3B8="}},"6jgI7YR/mJbvIbdt29GGEYgheXcSFE2salYJNVrUsSw=":{"valueMac":{"type":"Buffer","data":"0HvIAf5OzU5GmwmnC+VOPq0HtksUaXo8LOPDL53+gZ0="}}}}