{"noiseKey":{"private":{"type":"Buffer","data":"aDCGPallzZhWhzp5mpO+TOGXuOmysny5sJan+n2uBVI="},"public":{"type":"Buffer","data":"RT6cTw2rF3wBPuBjJpuoEK8uiV/sS/ilVNlNKUjbMRY="}},"pairingEphemeralKeyPair":{"private":{"type":"Buffer","data":"WBUYsiFBxBdPtTmqR4ptAweGNBD6jInzLODShdEySFs="},"public":{"type":"Buffer","data":"mrfsHh2Z0iGuQfeDaZOA2dwaYASDX08HeLiKQGcDUXE="}},"signedIdentityKey":{"private":{"type":"Buffer","data":"YA6Unde72RCT1sfVYdOuxrGDRBl1uIndE5BPI0CM/0k="},"public":{"type":"Buffer","data":"pEUN0aJSWTHuFPR4zdVtvgrPH/DWY6zhgInMJAwMKhA="}},"signedPreKey":{"keyPair":{"private":{"type":"Buffer","data":"iJ6bkXijdZDTA3tPsMV6U2muHALD30KR8cvuakwLP3g="},"public":{"type":"Buffer","data":"wLQm7k6hdHbKfAMSxmO4dZBF32+ELyDBCkPB4+zyU2U="}},"signature":{"type":"Buffer","data":"4fMUKUTFahRk2WPfStUwuRm+FG0mfBCG70mB1do41WpOnj+pAqiOsp3m7naRvLkzcooSSY9Gsrv2Us4CRMsWBA=="},"keyId":1},"registrationId":231,"advSecretKey":"/gVMlvefHX2rzNrjCEguqTYfrXJ1mBvp5SfaB7mnKH0=","processedHistoryMessages":[{"key":{"remoteJid":"84973813253@s.whatsapp.net","fromMe":true,"id":"8F36F8918293EDBFE6E7BED1377F8D78"},"messageTimestamp":1742905879},{"key":{"remoteJid":"84973813253@s.whatsapp.net","fromMe":true,"id":"43BE3016C2D2F0440FCE945F008EB913"},"messageTimestamp":1742905879},{"key":{"remoteJid":"84973813253@s.whatsapp.net","fromMe":true,"id":"000A7FA7E3A07EB838C333C874309349"},"messageTimestamp":1742905881},{"key":{"remoteJid":"84973813253@s.whatsapp.net","fromMe":true,"id":"70BF47C219876391069C604EEF29269A"},"messageTimestamp":1742905881}],"nextPreKeyId":61,"firstUnuploadedPreKeyId":61,"accountSyncCounter":1,"accountSettings":{"unarchiveChats":false},"registered":false,"account":{"details":"CNaQ2K0DEJHEir8GGAEgACgA","accountSignatureKey":"Qw68LTcfkcImZEx/xzgN8mcKvh/dHIgH9LGIDm6+xzc=","accountSignature":"+MsBEPUIRgyVyfb/9AqLCFooQCHqENVCDyRNqIqjNXzkW9NVA+ISU9q+JNvzHbmBOocD/vC4jIKBOwkOM0qaAQ==","deviceSignature":"aNfjg9L7O+xpZLNHPfbV0YsmFAeXJ9aW3F1FN6mODAW2xGsRcYGBTabhBUVhvr7FYc3JbvD33cTzRpbCtkkADQ=="},"me":{"id":"84973813253:1@s.whatsapp.net","lid":"258780973555795:1@lid","name":"Phù Văn Đức"},"signalIdentities":[{"identifier":{"name":"84973813253:1@s.whatsapp.net","deviceId":0},"identifierKey":{"type":"Buffer","data":"BUMOvC03H5HCJmRMf8c4DfJnCr4f3RyIB/SxiA5uvsc3"}}],"platform":"android","routingInfo":{"type":"Buffer","data":"CAIICA=="},"lastAccountSyncTimestamp":1742906087,"myAppStateKeyId":"AAAAAMYo","lastPropHash":"2V77qU"}