{"_sessions":{"BU9w5IDgLExv+j6X7tJYdKngw4gOCxHnR0SJsLX4swMM":{"registrationId":1398299499,"currentRatchet":{"ephemeralKeyPair":{"pubKey":"BXyOvMYouwGvKwBK9iE2Y4ACsRrkYt/yqK0jVsTeX0oA","privKey":"wGW6K/W1XwJXNpJD8TM7VPgyffqTcvjt7tBeNNCdE1c="},"lastRemoteEphemeralKey":"BYxwc1qebnePmt9rvR7j1DC6sX7jesSk04y726vpTghp","previousCounter":0,"rootKey":"D9qnMGUh2A4+l0I3PjMmrQVuUzNP1KpCZcsbG6VhG+o="},"indexInfo":{"baseKey":"BU9w5IDgLExv+j6X7tJYdKngw4gOCxHnR0SJsLX4swMM","baseKeyType":2,"closed":-1,"used":1742971805258,"created":1742905879297,"remoteIdentityKey":"BUMOvC03H5HCJmRMf8c4DfJnCr4f3RyIB/SxiA5uvsc3"},"_chains":{"BXuD0X67kdicttryLHNb6kAqBOURxybck89xNsJpcENn":{"chainKey":{"counter":12},"chainType":2,"messageKeys":{}},"BYZNWWGTPw9OKTZRsahFe5CLkaVVLLQow+iTgnGLNugR":{"chainKey":{"counter":1},"chainType":2,"messageKeys":{}},"BdGG/Czg+WFt8/Pksohxpw3xkV8/WDN7fRxHFeiH3xxt":{"chainKey":{"counter":0},"chainType":2,"messageKeys":{}},"Bdd3VjzH32nN9yAWtwntmjCdHP5O3CWR+LhItBU4p/t1":{"chainKey":{"counter":2},"chainType":2,"messageKeys":{}},"BaIu5mRlDmca16NK5Y4BZ8Tv8xP8rQEPM8e4b9s5M0IM":{"chainKey":{"counter":0},"chainType":2,"messageKeys":{}},"BdPsBHHFt2OhS9kIxNTi4ngTgSyOOvUDAJlN0sHHIkMH":{"chainKey":{"counter":0},"chainType":2,"messageKeys":{}},"BSOhQNXeFrwsmCkioxjGBosZr0tzD+GAlHUNh3IABDMP":{"chainKey":{"counter":0},"chainType":2,"messageKeys":{}},"BWGqkFsUsnQKwrobc5b+BiVdsRlyrouOcx/pSBEyk8wz":{"chainKey":{"counter":1},"chainType":2,"messageKeys":{}},"Bd3Yo0hPQ7alAWanibAInNERYMGD3xdAZvwc2PtO879o":{"chainKey":{"counter":0},"chainType":2,"messageKeys":{}},"BWRH/Z7P5rddfafQiUHkEkOyQzrKW0rNTHNWIEhM0CxK":{"chainKey":{"counter":0},"chainType":2,"messageKeys":{}},"BXNxA4dMMRKDtBO4ZmZgR+mMDqZFSF7pBH1DQTimKH41":{"chainKey":{"counter":0},"chainType":2,"messageKeys":{}},"Bcj7E4OkYx8uUNuCcVlfc2y6s7KLG4ywYjOd3YhhjGxe":{"chainKey":{"counter":0},"chainType":2,"messageKeys":{}},"BejDlZdTH8LoALIXN0W0dVVxEE3SLtJ4y3mPymEgndd0":{"chainKey":{"counter":0},"chainType":2,"messageKeys":{}},"BRHnFeBWAVeYS/9CUbDuB+fjGMnyLhZn2LGysdqRryFT":{"chainKey":{"counter":0},"chainType":2,"messageKeys":{}},"BStwqFmKxfLV8Cymnv/kVJ5S8uOUcVD1Gp3KZKvbA6lV":{"chainKey":{"counter":0},"chainType":2,"messageKeys":{}},"BXLDg8dzVAjy8eF27/up5hEw0VNAHS1j8Yvb7fE+ASAc":{"chainKey":{"counter":0},"chainType":2,"messageKeys":{}},"Bep3bWKQjIhnzRlc0X3Ocbgcbx7IYPlNmOTH6HXuDr0+":{"chainKey":{"counter":0},"chainType":2,"messageKeys":{}},"Bb6QKLcSgbtmw4ysnw4eKGryaBFybeZ9xxiAhuUCN10j":{"chainKey":{"counter":1},"chainType":2,"messageKeys":{}},"BXUkpRJnSTdV45oBi2gN+klMKNWUo9NrRWMJaI1goHMJ":{"chainKey":{"counter":6},"chainType":2,"messageKeys":{}},"BXyCymbYoiCpDGWIxWhC2gK8xF5YLaCPs0QPMydkHAUC":{"chainKey":{"counter":0},"chainType":2,"messageKeys":{}},"Baa4jGDltnDVSjUpCpAIL+r05FfCUkLk7AowOPxomKtW":{"chainKey":{"counter":0},"chainType":2,"messageKeys":{}},"BcKGNNVcHLEfK/6cpzYbqBfkoOAb4ol4FJQNQ0DnZ30l":{"chainKey":{"counter":0},"chainType":2,"messageKeys":{}},"BQgmdHMmFV6ovPf9ey/5PwXoh/RUkbA94gmCHOQCrwsR":{"chainKey":{"counter":0},"chainType":2,"messageKeys":{}},"BbhB81hHhaCdnG0l5RajkiLeIn3YYLBP7zJF5bFJqiN0":{"chainKey":{"counter":0},"chainType":2,"messageKeys":{}},"BYQVZmPlcm/f/r89ZMaN5E0xQ7QjImD7qgoeLjvYaHN2":{"chainKey":{"counter":0},"chainType":2,"messageKeys":{}},"BSFsmdVKLOU95pqR6lhRr4kF8wQ1FgefF1KFaqnEduUO":{"chainKey":{"counter":0},"chainType":2,"messageKeys":{}},"Ba+uqCrzxzYIdvoMUFVLrrqIWcUcq4iXDLz0DcXKMVZG":{"chainKey":{"counter":0},"chainType":2,"messageKeys":{}},"BWmPo7SUxWR6KJGc8YL3l6PbEhPxt13PKdV9R+oEnHlU":{"chainKey":{"counter":0},"chainType":2,"messageKeys":{}},"BclIaUgsdUhfS9jH2tYZzwtQVYqBSxkbHIqTk2Sc8f57":{"chainKey":{"counter":0},"chainType":2,"messageKeys":{}},"BW4TSSgF37sw7xKYu0YWJKh93v4CW/Sjupbqydl8029r":{"chainKey":{"counter":0},"chainType":2,"messageKeys":{}},"BXcL8Foc3DyBsO/JttJsmbbytz6ONUgBY+dg1OZW4M1I":{"chainKey":{"counter":0},"chainType":2,"messageKeys":{}},"BWBm42+SLEHR0/uL17zV0w7Y9ePjYbMOQhj3AQ2v538D":{"chainKey":{"counter":0},"chainType":2,"messageKeys":{}},"BYZY2EgWeFv7j3OdNbhBAXa+rkGGbAYgVxUduStnAUQZ":{"chainKey":{"counter":0},"chainType":2,"messageKeys":{}},"Bb0egh/XvsBgDp0bA/cwWzEPBZs7kkhskHfRuiXdNFkq":{"chainKey":{"counter":1},"chainType":2,"messageKeys":{}},"BeI1JZieHxe3oNriAEVcrEP2DGJdrXugiRh2ZEOYpLNn":{"chainKey":{"counter":0},"chainType":2,"messageKeys":{}},"BYMuyRiKcXQR1ph0+sU7rtoXs0idKQcqz5OOYNWjGwdQ":{"chainKey":{"counter":0},"chainType":2,"messageKeys":{}},"BbE7pig+fvPvM6I4Zk8QOMqN4dG0rBtOjlrYrh4MmAVg":{"chainKey":{"counter":0},"chainType":2,"messageKeys":{}},"BYa2dihKiNggYGM7ywo/Afqf+d04TDdm65FJwjUIqv1e":{"chainKey":{"counter":0},"chainType":2,"messageKeys":{}},"BTzOfNJWgSp3Rl36EW1KFJyarveBU63xV0iT1gW14Ywh":{"chainKey":{"counter":0},"chainType":2,"messageKeys":{}},"BTfV43bCTlSWVuwLpfNtAKNPWe5+bZsQPd842VqoeUcg":{"chainKey":{"counter":0},"chainType":2,"messageKeys":{}},"BUaPGKxwfLb8Gofwd+5GTt/AjJOEsX9kDrnykkeO/asK":{"chainKey":{"counter":1},"chainType":2,"messageKeys":{}},"BeFTEvvJxoJfYbpOQ3gnXcA226uPlcjP28tP7ajf6cF4":{"chainKey":{"counter":0},"chainType":2,"messageKeys":{}},"BQT1BxRlPrm2/SStv9t37QBhk/i1Dbomw/GXDivaLtVL":{"chainKey":{"counter":0},"chainType":2,"messageKeys":{}},"BaYQloWdn0mgVHWN7e9/q0voads0ym6iNKarp8yXsbg7":{"chainKey":{"counter":0},"chainType":2,"messageKeys":{}},"BdNAdfxCGp2VByZRtDthN5HynN2Yv5dE/Nj/BWgJg8dl":{"chainKey":{"counter":0},"chainType":2,"messageKeys":{}},"BWwabJ+5rn688QWYCqTxglCkIe7mjOLWp+CHJqifsEpz":{"chainKey":{"counter":0},"chainType":2,"messageKeys":{}},"BTMxkADtBRulgT8N3NhiaJnqFtM2hvZGkxyY1OhY8+5b":{"chainKey":{"counter":0},"chainType":2,"messageKeys":{}},"BZhJ1vl8UEDCu1XVWXclu06Dnn7+ek5qv/jLimEC6Ghu":{"chainKey":{"counter":3},"chainType":2,"messageKeys":{}},"BRlt9/WDn4tbx4qrSl1vWMuhcwUROMT/ghVdU9SZKO9H":{"chainKey":{"counter":2},"chainType":2,"messageKeys":{}},"BUrlqrX8Zpp9nXJxWfisTPeT5OUhiRK/z0Ptt5jGCrxo":{"chainKey":{"counter":0},"chainType":2,"messageKeys":{}},"BZJC8kLqlAYWSrGAgbNK2Gyyxm9CI+lXXaZMJn+qDqpu":{"chainKey":{"counter":1},"chainType":2,"messageKeys":{}},"BbQUC1YJLf/fVZlYB+MvAhP8Z739Den71wf8LJ4pjgtW":{"chainKey":{"counter":0},"chainType":2,"messageKeys":{}},"BeR5aHo7AHqtgy06dF6NsRnbbtLyDnpaLyJSA60R6CdD":{"chainKey":{"counter":0},"chainType":2,"messageKeys":{}},"BbzNN2S45k+8ap6V+tLhIq3kXynbiu/G9J1oX/Ifb/9d":{"chainKey":{"counter":0},"chainType":2,"messageKeys":{}},"BYeMTMiUlOQo6C9DCfETC+orUGQoNE3EDlMkueinVqRI":{"chainKey":{"counter":1},"chainType":2,"messageKeys":{}},"BdtwmzmaqfIbrx++iKGpafCpvhXV/i05NHj6d01ZoVBF":{"chainKey":{"counter":0},"chainType":2,"messageKeys":{}},"BTCDb5aec4HoHqNqYbsg1+QtFCm8cb3pdXZ3aCR96JYV":{"chainKey":{"counter":0},"chainType":2,"messageKeys":{}},"BT2NB/Ay4lytTDpew6JQBnfuC+47ahtq3loT/yN/tugf":{"chainKey":{"counter":0},"chainType":2,"messageKeys":{}},"BaalHl8iHgvORV56X+WKF8NwAOQc3eIpfyBHdgCh6H99":{"chainKey":{"counter":1},"chainType":2,"messageKeys":{}},"Bemb85fKBDQpnM15Y65ItiwaZMrb0H1n6yWKOBiOJTFe":{"chainKey":{"counter":0},"chainType":2,"messageKeys":{}},"BeYYDu0UH/BIw7eiVcuBcMQdPA2z6oILxiiJp4grZrAK":{"chainKey":{"counter":0},"chainType":2,"messageKeys":{}},"BQwYNxjXMgJcD8tfZvWxOG+Nfg9Co2hPFmIsd/6KFiY3":{"chainKey":{"counter":0},"chainType":2,"messageKeys":{}},"BXHvL3sIaGOtljmVQcbRy+O5rvdlQJEja0ABUp3gk1tH":{"chainKey":{"counter":0},"chainType":2,"messageKeys":{}},"BWFKrHRtrUnBy3lI17+lpi/ivhpcUtCXCxHIutO4ezl5":{"chainKey":{"counter":1},"chainType":2,"messageKeys":{}},"BTh3/oqDHl34I3GgUiQUAlStThyZMX58AwQrNrPyHAwv":{"chainKey":{"counter":0},"chainType":2,"messageKeys":{}},"BXChiNwSyUOuPgcz/Zf/G91lbN/Q6r6F1aLBo+oqq282":{"chainKey":{"counter":0},"chainType":2,"messageKeys":{}},"BXs9LjGrrv8ozdimAHN8G8QmsANs+C755bHce8LZSUQ3":{"chainKey":{"counter":0},"chainType":2,"messageKeys":{}},"Bdwj3NNhjl/9xbXRoc+sOgLiLDoSuTzD4kq6eppisTV4":{"chainKey":{"counter":0},"chainType":2,"messageKeys":{}},"BadoIopY1sPXLbwjZSDiykx1x2cPW66Cxi/2mM9pSoo5":{"chainKey":{"counter":1},"chainType":2,"messageKeys":{}},"BVTRznZuzQpqtcX7d0dT+5n9LSrbrXs59bNyZxaiGptl":{"chainKey":{"counter":1},"chainType":2,"messageKeys":{}},"BUS/M0+h1BmZsCKDdkXWTUdCsXP/l5ZlR7UmltcKDYp8":{"chainKey":{"counter":2},"chainType":2,"messageKeys":{}},"BU5MX+Mlms37RUffEgjVyEZly2qCkeRL0LCm5uKHWtNP":{"chainKey":{"counter":2},"chainType":2,"messageKeys":{}},"BTyu2iABFX8IUC/3Q7yKIjyh7UDXyTJKKFPj76JYwMdZ":{"chainKey":{"counter":0},"chainType":2,"messageKeys":{}},"BTTsG022EiARCtv61xQezjDLT7gwB699XxVXSSNort4Z":{"chainKey":{"counter":0},"chainType":2,"messageKeys":{}},"BTMC6s7ciBk3hazJ7M4SAE3+mY8EKC5fcaQsqnXPAUFu":{"chainKey":{"counter":0},"chainType":2,"messageKeys":{}},"BWp5SlqksDa5jXaHe35C3dG3GAcU2ugtCbnmXY9Sgd0N":{"chainKey":{"counter":2},"chainType":2,"messageKeys":{}},"BaclTwy6wmssw4X6WMg8bVGUoT6AlMoX+0iy/3YNZ1dB":{"chainKey":{"counter":0},"chainType":2,"messageKeys":{}},"BVbdcDk89B68O2MYBTNrMBWTuL0NtLX7CqXx4wyFErZp":{"chainKey":{"counter":0},"chainType":2,"messageKeys":{}},"Bd/+6PH8by3qntt4Ky2yE7pmlz4gu9VyzbM32Qd7BTxZ":{"chainKey":{"counter":0},"chainType":2,"messageKeys":{}},"Bd9k0JZzXVId4Ue98Y+TxE75PwKirrkquyGWeGqXBQwA":{"chainKey":{"counter":0},"chainType":2,"messageKeys":{}},"BfwWrwNeE090JLET5TgYUPviZc3buqMbLtrVl4Pbp4Ex":{"chainKey":{"counter":0},"chainType":2,"messageKeys":{}},"BZi5qf/RNoptYrfi9SmOcw+tWSWxnlDrzeNZvKWn5FEn":{"chainKey":{"counter":0},"chainType":2,"messageKeys":{}},"BYxwc1qebnePmt9rvR7j1DC6sX7jesSk04y726vpTghp":{"chainKey":{"counter":1,"key":"lEH58vS7YJ7qbcljH2j56E61CAjJhvJ3cSoKAxlXwng="},"chainType":2,"messageKeys":{}},"BXyOvMYouwGvKwBK9iE2Y4ACsRrkYt/yqK0jVsTeX0oA":{"chainKey":{"counter":0,"key":"F8sME72MCgWWy/6x5V+ftV8ecY6/ZqBlqDx6qAe7NH8="},"chainType":1,"messageKeys":{}}}}},"version":"v1"}